Episode,Average Fitness
0,-997.9638532391011
1,-999.998800983489
2,-999.9999999168897
3,-999.9999999999892
4,-999.9999999999999
5,-999.9999999999999
6,-999.9999999999999
7,-999.9999999999999
8,-999.9999999999999
9,-999.9999999999999
10,-999.9999999999999
11,-999.9999999999999
12,-999.9999999999999
13,-999.9999999999999
14,-999.9999999999999
15,-999.9999999999999
16,-999.9999999999999
17,-999.9999999999999
18,-999.9999999999999
19,-999.9999999999999
